question,answer
What is anemia?,Anemia is a condition in which the number of red blood cells or hemoglobin is lower than normal leading to reduced oxygen transport in the body.
What are the common symptoms of anemia?,Common symptoms include fatigue, weakness, pale skin, shortness of breath, dizziness, and cold hands and feet.
What is iron deficiency anemia?,Iron deficiency anemia is the most common type of anemia caused by insufficient iron, leading to reduced hemoglobin production.
What is leukemia?,Leukemia is a type of cancer that affects blood-forming tissues including the bone marrow, leading to abnormal white blood cell production.
What are the types of leukemia?,The main types include Acute Lymphoblastic Leukemia (ALL), Acute Myeloid Leukemia (AML), Chronic Lymphocytic Leukemia (CLL), and Chronic Myeloid Leukemia (CML).
What is lymphoma?,Lymphoma is a cancer of the lymphatic system, mainly affecting lymphocytes, and includes Hodgkin and Non-Hodgkin lymphoma.
What is hemophilia?,Hemophilia is a genetic disorder that impairs the body's ability to form blood clots due to deficiency of clotting factors.
What causes sickle cell disease?,Sickle cell disease is caused by a mutation in the hemoglobin gene leading to abnormal crescent-shaped red blood cells.
What are symptoms of leukemia?,Symptoms include fatigue, frequent infections, fever, weight loss, bruising, and bleeding.
What is thrombocytopenia?,Thrombocytopenia is a condition characterized by a low platelet count, increasing the risk of bleeding and bruising.